{
  "demandOnServer": false,
  "showServerSafety": true,
  "hideRedChatIndicators": true,
  "hideYellowChatIndicators": true,
  "hideGrayChatIndicators": true,
  "hideWarningToast": true,
  "alwaysHideReportButton": true,
  "disableTelemetry": true,
  "showReloadButton": true,
  "whitelistAllServers": false,
  "verifiedIconEnabled": true,
  "showNCRButton": true,
  "enableMod": true,
  "skipRealmsWarning": false,
  "verifiedIconOffsetX": 0,
  "verifiedIconOffsetY": 0,
  "reconnectAwaitSeconds": 4,
  "postDisconnectAwaitSeconds": 10,
  "signingCheckDelaySeconds": 43200,
  "serverSigningChecks": {}
}