{
  "moduleList": [
    {
      "name": "icon",
      "display": true,
      "context": "tachyon.png"
    },
    {
      "name": "text",
      "display": true,
      "context": "Tachyon for Minecraft 1.19.2"
    },
    {
      "name": "mods",
      "display": true
    },
    {
      "name": "clock",
      "display": false,
      "context": "HH:mm:ss"
    },
    {
      "name": "session",
      "display": true
    },
    {
      "name": "day",
      "display": false
    },
    {
      "name": "time",
      "display": false
    },
    {
      "name": "weather",
      "display": false
    },
    {
      "name": "fps",
      "display": true
    },
    {
      "name": "ping",
      "display": true
    },
    {
      "name": "memory",
      "display": true
    },
    {
      "name": "dimension",
      "display": false
    },
    {
      "name": "biome",
      "display": false
    },
    {
      "name": "position",
      "display": false
    },
    {
      "name": "chunk",
      "display": false
    },
    {
      "name": "facing",
      "display": false
    },
    {
      "name": "looking_at",
      "display": false
    },
    {
      "name": "property",
      "display": false
    },
    {
      "name": "target",
      "display": false
    },
    {
      "name": "target_health",
      "display": false
    }
  ]
}
